{
    "loss": 16.62617301940918,
    "accuracy": 0.5686274766921997
}